sudarshan-ai.com/seo-services,https://sudarshan-ai.com/seo-services-lucknow,301,TRUE
sudarshan-ai.com/social-media-marketing,https://sudarshan-ai.com/social-media-marketing-lucknow,301,TRUE
sudarshan-ai.com/website-designing-in-lucknow,https://sudarshan-ai.com/website-design,301,TRUE
sudarshan-ai.com/best-seo-company-in-lucknow,https://sudarshan-ai.com/seo-services-lucknow,301,TRUE
www.sudarshan-ai-labs.com/post/digital-marketing-for-small-business,https://sudarshan-ai.com/digital-marketing-services,301,FALSE,FALSE,TRUE,FALSE
www.sudarshan-ai-labs.com/best-ai-digital-marketing-agency,https://sudarshan-ai.com/digital-marketing-services,301,FALSE,FALSE,TRUE,FALSE
www.sudarshan-ai-labs.com/post/why-local-businesses-in-lucknow-need-digital-marketing-in-2025-1-1,https://sudarshan-ai.com/digital-marketing-services,301,FALSE,FALSE,TRUE,FALSE
www.sudarshan-ai-labs.com/features,https://sudarshan-ai.com/ai-automation-lucknow,301,FALSE,FALSE,TRUE,FALSE
www.sudarshan-ai-labs.com/post/affordable-seo-plans-for-startups-a-guide,https://sudarshan-ai.com/seo-services-lucknow,301,FALSE,FALSE,TRUE,FALSE
www.sudarshan-ai-labs.com/post/beyond-likes-a-lucknow-startup-s-guide-to-real-social-media-growth,https://sudarshan-ai.com/social-media-marketing-lucknow,301,FALSE,FALSE,TRUE,FALSE
www.sudarshan-ai-labs.com/post/digital-marketing-trends-2025-1,https://sudarshan-ai.com/digital-marketing-services,301,FALSE,FALSE,TRUE,FALSE
www.sudarshan-ai-labs.com/post/digital-marketing-lucknow-guide,https://sudarshan-ai.com/digital-marketing-services,301,FALSE,FALSE,TRUE,FALSE
www.sudarshan-ai-labs.com/post/in-lucknow-s-digital-boom-is-your-business-lost-in-the-scroll-1,https://sudarshan-ai.com/social-media-marketing-lucknow,301,FALSE,FALSE,TRUE,FALSE
www.sudarshan-ai-labs.com/post/digital-marketing-strategies-for-small-businesses,https://sudarshan-ai.com/digital-marketing-services,301,FALSE,FALSE,TRUE,FALSE
www.sudarshan-ai-labs.com/pages-sitemap.xml,https://sudarshan-ai.com/sitemap.xml,301,FALSE,FALSE,TRUE,FALSE
www.sudarshan-ai-labs.com/post/effective-digital-marketing-strategies-for-small-businesses,https://sudarshan-ai.com/digital-marketing-services,301,FALSE,FALSE,TRUE,FALSE
www.sudarshan-ai-labs.com/post/transforming-small-businesses-with-social-media-lucknow-1,https://sudarshan-ai.com/social-media-marketing-lucknow,301,FALSE,FALSE,TRUE,FALSE
www.sudarshan-ai-labs.com/post/discover-budget-friendly-seo-packages-for-startups,https://sudarshan-ai.com/seo-services-lucknow,301,FALSE,FALSE,TRUE,FALSE
www.sudarshan-ai-labs.com/post/ai-revolution-lucknow-msme-scaling-smart-technology-solutions,https://sudarshan-ai.com/ai-automation-lucknow,301,FALSE,FALSE,TRUE,FALSE
www.sudarshan-ai-labs.com/post/in-lucknow-s-digital-boom-is-your-business-lost-in-the-scroll,https://sudarshan-ai.com/social-media-marketing-lucknow,301,FALSE,FALSE,TRUE,FALSE
www.sudarshan-ai-labs.com/post/unlocking-digital-growth-your-guide-to-dominating-digital-marketing-in-lucknow,https://sudarshan-ai.com/digital-marketing-services,301,FALSE,FALSE,TRUE,FALSE
www.sudarshan-ai-labs.com/post/effective-online-marketing-strategies-for-startups,https://sudarshan-ai.com/digital-marketing-services,301,FALSE,FALSE,TRUE,FALSE
www.sudarshan-ai-labs.com/post/elevate-your-business-digital-marketing-lucknow,https://sudarshan-ai.com/digital-marketing-services,301,FALSE,FALSE,TRUE,FALSE
www.sudarshan-ai-labs.com/post/digital-marketing-for-small-business-1,https://sudarshan-ai.com/digital-marketing-services,301,FALSE,FALSE,TRUE,FALSE
www.sudarshan-ai-labs.com/post/digital-marketing-trends-2025,https://sudarshan-ai.com/digital-marketing-services,301,FALSE,FALSE,TRUE,FALSE
www.sudarshan-ai-labs.com/post/transforming-small-businesses-with-social-media-lucknow,https://sudarshan-ai.com/social-media-marketing-lucknow,301,FALSE,FALSE,TRUE,FALSE
www.sudarshan-ai-labs.com/post/why-local-businesses-in-lucknow-need-digital-marketing-in-2025-1,https://sudarshan-ai.com/digital-marketing-services,301,FALSE,FALSE,TRUE,FALSE
www.sudarshan-ai-labs.com/post/ai-in-lucknow-is-your-business-ready-for-the-automation-revolution,https://sudarshan-ai.com/ai-automation-lucknow,301,FALSE,FALSE,TRUE,FALSE
www.sudarshan-ai-labs.com/post/best-and-affordable-digital-marketing-services-in-lucknow-in-2025-by-sudarshan-ai-labs-1,https://sudarshan-ai.com/digital-marketing-services,301,FALSE,FALSE,TRUE,FALSE
www.sudarshan-ai-labs.com/post/best-and-affordable-digital-marketing-services-in-lucknow-in-2025-by-sudarshan-ai-labs,https://sudarshan-ai.com/digital-marketing-services,301,FALSE,FALSE,TRUE,FALSE
www.sudarshan-ai-labs.com/post/affordable-seo-plans-for-small-businesses,https://sudarshan-ai.com/seo-services-lucknow,301,FALSE,FALSE,TRUE,FALSE
www.sudarshan-ai-labs.com/post/revolutionizing-businesses-with-ai-solutions,https://sudarshan-ai.com/ai-for-business,301,FALSE,FALSE,TRUE,FALSE
